﻿designator,quantity,value,pack,mpn,mount_type
"C1, C5",2,100n,C_0402_1005Metric_Pad0.74x0.62mm_HandSolder,,smt
"C10, C12",2,1u,C_0402_1005Metric,,smt
"C11, C13, C14, C15, C16, C17, C18, C8, C9",9,100n,C_0402_1005Metric,,smt
"C2, C3",2,18p,C_0402_1005Metric,,smt
C4,1,2.2u,C_0603_1608Metric_Pad1.08x0.95mm_HandSolder,,smt
C6,1,10u,C_0805_2012Metric_Pad1.18x1.45mm_HandSolder,,smt
C7,1,10n C0G,C_0603_1608Metric_Pad1.08x0.95mm_HandSolder,,smt
D1,1,B5819W,D_SOD-123,,smt
"D2, D3",2,LED,LED_0603_1608Metric_Pad1.05x0.95mm_HandSolder,,smt
J1,1,USB_C_Receptacle_USB2.0,USB_C_Receptacle_Palconn_UTC16-G,,smt
J2,1,SWD,Pico_4pin,,tht
J3,1,LEFT,Pico_20pin,,tht
J4,1,RIGHT,Pico_20pin,,tht
JP1,1,EEPROM_WP,SolderJumper-3_P2.0mm_Open_TrianglePad1.0x1.5mm,,tht
JP2,1,VREF,SolderJumper-2_P1.3mm_Open_TrianglePad1.0x1.5mm,,tht
R1,1,1k,R_0402_1005Metric_Pad0.72x0.64mm_HandSolder,,smt
"R10, R11",2,4.7k,R_0402_1005Metric,,smt
"R12, R13, R5",3,1k,R_0402_1005Metric,,smt
R2,1,10k,R_0402_1005Metric_Pad0.72x0.64mm_HandSolder,,smt
"R3, R4",2,5.1k,R_0402_1005Metric_Pad0.72x0.64mm_HandSolder,,smt
R6,1,5R,R_0805_2012Metric_Pad1.20x1.40mm_HandSolder,,smt
R7,1,150,R_0603_1608Metric_Pad0.98x0.95mm_HandSolder,,smt
"R8, R9",2,27,R_0402_1005Metric,,smt
SW1,1,BOOTSEL,SW_SPST_B3U-1000P,,smt
SW2,1,RES,SW_SPST_B3U-1000P,,smt
TP1,1,BOOTSEL,TestPoint_Pad_1.5x1.5mm,,tht
TP2,1,VREG,TestPoint_Pad_1.5x1.5mm,,tht
TP3,1,GP25,TestPoint_Pad_1.5x1.5mm,,tht
TP4,1,GND,TestPoint_Pad_1.5x1.5mm,,tht
TP5,1,D+,TestPoint_Pad_1.5x1.5mm,,tht
TP6,1,GP24,TestPoint_Pad_1.5x1.5mm,,tht
TP7,1,D-,TestPoint_Pad_1.5x1.5mm,,tht
U1,1,FM24CL16B,SOIC-8_3.9x4.9mm_P1.27mm,,smt
U2,1,W25Q128JVS,IC_W25Q16JVUXIQ_TR,,smt
U3,1,TLV1117-33,SOT-223-3_TabPin2,,smt
U4,1,LM4040DBZ-3,SOT-23,,smt
U5,1,RP2040,RP2040-QFN-56,,smt
Y1,1,ECS-120-12-36-AGN-TR3,Crystal_SMD_2520-4Pin_2.5x2.0mm,,smt
