﻿pos_x,pos_y,rotation,side,designator,mpn,pack,value,mount_type,place
151.892,-86.233,180.0,top,C1,,C_0402_1005Metric_Pad0.74x0.62mm_HandSolder,100n,smt,True
158.5976,-68.1736,90.0,top,C10,,C_0402_1005Metric,1u,smt,True
160.655,-77.851,-90.0,top,C11,,C_0402_1005Metric,100n,smt,True
159.6136,-68.1736,90.0,top,C12,,C_0402_1005Metric,1u,smt,True
155.575,-68.707,90.0,top,C13,,C_0402_1005Metric,100n,smt,True
161.036,-72.009,0.0,top,C14,,C_0402_1005Metric,100n,smt,True
154.178,-67.437,135.0,top,C15,,C_0402_1005Metric,100n,smt,True
147.447,-69.723,90.0,top,C16,,C_0402_1005Metric,100n,smt,True
147.828,-77.089,180.0,top,C17,,C_0402_1005Metric,100n,smt,True
154.94,-80.645,-90.0,top,C18,,C_0402_1005Metric,100n,smt,True
150.114,-86.487,-90.0,top,C2,,C_0402_1005Metric,18p,smt,True
154.051,-83.312,-90.0,top,C3,,C_0402_1005Metric,18p,smt,True
160.401,-57.404,180.0,top,C4,,C_0603_1608Metric_Pad1.08x0.95mm_HandSolder,2.2u,smt,True
148.463,-65.532,90.0,top,C5,,C_0402_1005Metric_Pad0.74x0.62mm_HandSolder,100n,smt,True
161.6456,-66.9544,-90.0,top,C6,,C_0805_2012Metric_Pad1.18x1.45mm_HandSolder,10u,smt,True
161.29,-69.85,0.0,top,C7,,C_0603_1608Metric_Pad1.08x0.95mm_HandSolder,10n C0G,smt,True
153.457589,-68.113589,135.0,top,C8,,C_0402_1005Metric,100n,smt,True
155.956,-80.645,-90.0,top,C9,,C_0402_1005Metric,100n,smt,True
161.417,-53.975,90.0,top,D1,,D_SOD-123,B5819W,smt,True
148.463,-53.34,-90.0,top,D2,,LED_0603_1608Metric_Pad1.05x0.95mm_HandSolder,LED,smt,True
148.971,-57.404,0.0,top,D3,,LED_0603_1608Metric_Pad1.05x0.95mm_HandSolder,LED,smt,True
154.8384,-52.779,180.0,top,J1,,USB_C_Receptacle_Palconn_UTC16-G,USB_C_Receptacle_USB2.0,smt,True
156.1084,-98.3234,90.0,top,J2,,Pico_4pin,SWD,tht,True
145.9484,-50.292,0.0,top,J3,,Pico_20pin,LEFT,tht,True
163.7284,-98.552,180.0,top,J4,,Pico_20pin,RIGHT,tht,True
153.613,-95.631,0.0,top,JP1,,SolderJumper-3_P2.0mm_Open_TrianglePad1.0x1.5mm,EEPROM_WP,tht,True
159.639,-84.873,-90.0,top,JP2,,SolderJumper-2_P1.3mm_Open_TrianglePad1.0x1.5mm,VREF,tht,True
147.447,-67.564,90.0,top,R1,,R_0402_1005Metric_Pad0.72x0.64mm_HandSolder,1k,smt,True
154.559,-85.217,0.0,top,R10,,R_0402_1005Metric,4.7k,smt,True
154.051,-86.233,0.0,top,R11,,R_0402_1005Metric,4.7k,smt,True
148.463,-50.546,90.0,top,R12,,R_0402_1005Metric,1k,smt,True
148.209,-55.753,180.0,top,R13,,R_0402_1005Metric,1k,smt,True
150.241,-65.151,0.0,top,R2,,R_0402_1005Metric_Pad0.72x0.64mm_HandSolder,10k,smt,True
151.892,-57.658,180.0,top,R3,,R_0402_1005Metric_Pad0.72x0.64mm_HandSolder,5.1k,smt,True
157.226,-57.658,0.0,top,R4,,R_0402_1005Metric_Pad0.72x0.64mm_HandSolder,5.1k,smt,True
153.416,-81.788,180.0,top,R5,,R_0402_1005Metric,1k,smt,True
161.6456,-63.1444,90.0,top,R6,,R_0805_2012Metric_Pad1.20x1.40mm_HandSolder,5R,smt,True
161.417,-89.572,-90.0,top,R7,,R_0603_1608Metric_Pad0.98x0.95mm_HandSolder,150,smt,True
156.5656,-68.1736,-90.0,top,R8,,R_0402_1005Metric,27,smt,True
157.5816,-68.1736,-90.0,top,R9,,R_0402_1005Metric,27,smt,True
149.987,-60.706,90.0,top,SW1,,SW_SPST_B3U-1000P,BOOTSEL,smt,True
159.512,-93.218,0.0,top,SW2,,SW_SPST_B3U-1000P,RES,smt,True
152.2984,-61.9252,180.0,bottom,TP1,,TestPoint_Pad_1.5x1.5mm,BOOTSEL,tht,True
152.2984,-64.4652,180.0,bottom,TP2,,TestPoint_Pad_1.5x1.5mm,VREG,tht,True
152.2984,-59.436,180.0,bottom,TP3,,TestPoint_Pad_1.5x1.5mm,GP25,tht,True
154.8384,-54.102,180.0,bottom,TP4,,TestPoint_Pad_1.5x1.5mm,GND,tht,True
153.797,-50.419,180.0,bottom,TP5,,TestPoint_Pad_1.5x1.5mm,D+,tht,True
152.2984,-56.9468,180.0,bottom,TP6,,TestPoint_Pad_1.5x1.5mm,GP24,tht,True
155.8798,-50.419,180.0,bottom,TP7,,TestPoint_Pad_1.5x1.5mm,D-,tht,True
153.924,-90.551,90.0,top,U1,,SOIC-8_3.9x4.9mm_P1.27mm,FM24CL16B,smt,True
149.225,-68.707,90.0,top,U2,,IC_W25Q16JVUXIQ_TR,W25Q128JVS,smt,True
156.21,-62.089,180.0,top,U3,,SOT-223-3_TabPin2,TLV1117-33,smt,True
158.75,-89.445,-90.0,top,U4,,SOT-23,LM4040DBZ-3,smt,True
154.8432,-74.422,0.0,top,U5,,RP2040-QFN-56,RP2040,smt,True
151.765,-83.947,180.0,top,Y1,,Crystal_SMD_2520-4Pin_2.5x2.0mm,ECS-120-12-36-AGN-TR3,smt,True
